-- phpMyAdmin SQL Dump
-- version 5.2.1
-- https://www.phpmyadmin.net/
--
-- Servidor: 127.0.0.1
-- Tiempo de generación: 30-06-2025 a las 18:49:43
-- Versión del servidor: 10.4.32-MariaDB
-- Versión de PHP: 8.2.12

SET SQL_MODE = "NO_AUTO_VALUE_ON_ZERO";
START TRANSACTION;
SET time_zone = "+00:00";


/*!40101 SET @OLD_CHARACTER_SET_CLIENT=@@CHARACTER_SET_CLIENT */;
/*!40101 SET @OLD_CHARACTER_SET_RESULTS=@@CHARACTER_SET_RESULTS */;
/*!40101 SET @OLD_COLLATION_CONNECTION=@@COLLATION_CONNECTION */;
/*!40101 SET NAMES utf8mb4 */;

--
-- Base de datos: `medicapp`
--
CREATE DATABASE IF NOT EXISTS `medicapp` DEFAULT CHARACTER SET utf8mb4 COLLATE utf8mb4_unicode_ci;
USE `medicapp`;

-- --------------------------------------------------------

--
-- Estructura de tabla para la tabla `cache`
--

DROP TABLE IF EXISTS `cache`;
CREATE TABLE IF NOT EXISTS `cache` (
  `key` varchar(255) NOT NULL,
  `value` mediumtext NOT NULL,
  `expiration` int(11) NOT NULL,
  PRIMARY KEY (`key`)
) ENGINE=InnoDB DEFAULT CHARSET=utf8mb4 COLLATE=utf8mb4_unicode_ci;

-- --------------------------------------------------------

--
-- Estructura de tabla para la tabla `cache_locks`
--

DROP TABLE IF EXISTS `cache_locks`;
CREATE TABLE IF NOT EXISTS `cache_locks` (
  `key` varchar(255) NOT NULL,
  `owner` varchar(255) NOT NULL,
  `expiration` int(11) NOT NULL,
  PRIMARY KEY (`key`)
) ENGINE=InnoDB DEFAULT CHARSET=utf8mb4 COLLATE=utf8mb4_unicode_ci;

-- --------------------------------------------------------

--
-- Estructura de tabla para la tabla `cita`
--

DROP TABLE IF EXISTS `cita`;
CREATE TABLE IF NOT EXISTS `cita` (
  `id_cita` int(10) UNSIGNED NOT NULL AUTO_INCREMENT,
  `id_perfil` int(10) UNSIGNED NOT NULL,
  `id_usuario_crea` int(10) UNSIGNED NOT NULL,
  `fecha` date NOT NULL,
  `hora_inicio` time NOT NULL,
  `hora_fin` time DEFAULT NULL,
  `motivo` varchar(150) NOT NULL,
  `ubicacion` varchar(120) NOT NULL,
  `especialidad` varchar(80) DEFAULT NULL,
  `recordatorio` tinyint(1) DEFAULT 1,
  `observaciones` text DEFAULT NULL,
  `created_at` timestamp NOT NULL DEFAULT current_timestamp(),
  `updated_at` timestamp NULL DEFAULT NULL,
  PRIMARY KEY (`id_cita`),
  KEY `fk_cita_perfil` (`id_perfil`),
  KEY `fk_cita_usuario` (`id_usuario_crea`)
) ENGINE=InnoDB AUTO_INCREMENT=10 DEFAULT CHARSET=utf8mb4 COLLATE=utf8mb4_unicode_ci;

-- --------------------------------------------------------

--
-- Estructura de tabla para la tabla `failed_jobs`
--

DROP TABLE IF EXISTS `failed_jobs`;
CREATE TABLE IF NOT EXISTS `failed_jobs` (
  `id` bigint(20) UNSIGNED NOT NULL AUTO_INCREMENT,
  `uuid` varchar(255) NOT NULL,
  `connection` text NOT NULL,
  `queue` text NOT NULL,
  `payload` longtext NOT NULL,
  `exception` longtext NOT NULL,
  `failed_at` timestamp NOT NULL DEFAULT current_timestamp(),
  PRIMARY KEY (`id`),
  UNIQUE KEY `failed_jobs_uuid_unique` (`uuid`)
) ENGINE=InnoDB DEFAULT CHARSET=utf8mb4 COLLATE=utf8mb4_unicode_ci;

-- --------------------------------------------------------

--
-- Estructura de tabla para la tabla `informe`
--

DROP TABLE IF EXISTS `informe`;
CREATE TABLE IF NOT EXISTS `informe` (
  `id_informe` int(10) UNSIGNED NOT NULL AUTO_INCREMENT,
  `id_usuario` int(10) UNSIGNED NOT NULL,
  `id_perfil` int(10) UNSIGNED NOT NULL,
  `tipo` enum('tratamientos','citas') NOT NULL,
  `rango_inicio` date NOT NULL,
  `rango_fin` date NOT NULL,
  `ruta_pdf` varchar(255) NOT NULL,
  `ts_creacion` timestamp NOT NULL DEFAULT current_timestamp(),
  PRIMARY KEY (`id_informe`),
  KEY `fk_inf_usuario` (`id_usuario`),
  KEY `fk_inf_perfil` (`id_perfil`)
) ENGINE=InnoDB DEFAULT CHARSET=utf8mb4 COLLATE=utf8mb4_unicode_ci;

-- --------------------------------------------------------

--
-- Estructura de tabla para la tabla `jobs`
--

DROP TABLE IF EXISTS `jobs`;
CREATE TABLE IF NOT EXISTS `jobs` (
  `id` bigint(20) UNSIGNED NOT NULL AUTO_INCREMENT,
  `queue` varchar(255) NOT NULL,
  `payload` longtext NOT NULL,
  `attempts` tinyint(3) UNSIGNED NOT NULL,
  `reserved_at` int(10) UNSIGNED DEFAULT NULL,
  `available_at` int(10) UNSIGNED NOT NULL,
  `created_at` int(10) UNSIGNED NOT NULL,
  PRIMARY KEY (`id`),
  KEY `jobs_queue_index` (`queue`)
) ENGINE=InnoDB DEFAULT CHARSET=utf8mb4 COLLATE=utf8mb4_unicode_ci;

-- --------------------------------------------------------

--
-- Estructura de tabla para la tabla `job_batches`
--

DROP TABLE IF EXISTS `job_batches`;
CREATE TABLE IF NOT EXISTS `job_batches` (
  `id` varchar(255) NOT NULL,
  `name` varchar(255) NOT NULL,
  `total_jobs` int(11) NOT NULL,
  `pending_jobs` int(11) NOT NULL,
  `failed_jobs` int(11) NOT NULL,
  `failed_job_ids` longtext NOT NULL,
  `options` mediumtext DEFAULT NULL,
  `cancelled_at` int(11) DEFAULT NULL,
  `created_at` int(11) NOT NULL,
  `finished_at` int(11) DEFAULT NULL,
  PRIMARY KEY (`id`)
) ENGINE=InnoDB DEFAULT CHARSET=utf8mb4 COLLATE=utf8mb4_unicode_ci;

-- --------------------------------------------------------

--
-- Estructura de tabla para la tabla `medicamento`
--

DROP TABLE IF EXISTS `medicamento`;
CREATE TABLE IF NOT EXISTS `medicamento` (
  `id_medicamento` int(10) UNSIGNED NOT NULL AUTO_INCREMENT,
  `nombre` varchar(120) NOT NULL,
  `descripcion` text DEFAULT NULL,
  `id_cima` varchar(20) DEFAULT NULL,
  `created_at` timestamp NULL DEFAULT current_timestamp(),
  `updated_at` timestamp NULL DEFAULT current_timestamp() ON UPDATE current_timestamp(),
  PRIMARY KEY (`id_medicamento`)
) ENGINE=InnoDB AUTO_INCREMENT=15 DEFAULT CHARSET=utf8mb4 COLLATE=utf8mb4_unicode_ci;

--
-- Volcado de datos para la tabla `medicamento`
--

INSERT INTO `medicamento` (`id_medicamento`, `nombre`, `descripcion`, `id_cima`, `created_at`, `updated_at`) VALUES
(10, 'Paracetamol', NULL, NULL, '2025-06-20 09:41:34', '2025-06-20 09:41:34'),
(11, 'Insulina', NULL, NULL, '2025-06-20 09:42:50', '2025-06-20 09:42:50'),
(12, 'medicacion4', NULL, NULL, '2025-06-23 09:00:19', '2025-06-23 09:00:19'),
(13, 'Lupisan', NULL, NULL, '2025-06-30 14:16:42', '2025-06-30 14:16:42'),
(14, 'medicacion1', NULL, NULL, '2025-06-30 14:19:02', '2025-06-30 14:19:02');

-- --------------------------------------------------------

--
-- Estructura de tabla para la tabla `migrations`
--

DROP TABLE IF EXISTS `migrations`;
CREATE TABLE IF NOT EXISTS `migrations` (
  `id` int(10) UNSIGNED NOT NULL AUTO_INCREMENT,
  `migration` varchar(255) NOT NULL,
  `batch` int(11) NOT NULL,
  PRIMARY KEY (`id`)
) ENGINE=InnoDB AUTO_INCREMENT=3 DEFAULT CHARSET=utf8mb4 COLLATE=utf8mb4_unicode_ci;

--
-- Volcado de datos para la tabla `migrations`
--

INSERT INTO `migrations` (`id`, `migration`, `batch`) VALUES
(1, '0001_01_01_000001_create_cache_table', 1),
(2, '0001_01_01_000002_create_jobs_table', 1);

-- --------------------------------------------------------

--
-- Estructura de tabla para la tabla `notificacion`
--

DROP TABLE IF EXISTS `notificacion`;
CREATE TABLE IF NOT EXISTS `notificacion` (
  `id_notif` bigint(20) UNSIGNED NOT NULL AUTO_INCREMENT,
  `id_usuario_dest` int(10) UNSIGNED NOT NULL,
  `id_perfil` int(10) UNSIGNED DEFAULT NULL,
  `categoria` enum('toma','cita','perfil','otro') NOT NULL,
  `titulo` varchar(120) NOT NULL,
  `mensaje` varchar(255) DEFAULT NULL,
  `ts_programada` datetime NOT NULL,
  `leida` tinyint(1) DEFAULT 0,
  `ts_creacion` timestamp NOT NULL DEFAULT current_timestamp(),
  PRIMARY KEY (`id_notif`),
  KEY `fk_notif_usuario` (`id_usuario_dest`),
  KEY `fk_notif_perfil` (`id_perfil`)
) ENGINE=InnoDB DEFAULT CHARSET=utf8mb4 COLLATE=utf8mb4_unicode_ci;

-- --------------------------------------------------------

--
-- Estructura de tabla para la tabla `perfil`
--

DROP TABLE IF EXISTS `perfil`;
CREATE TABLE IF NOT EXISTS `perfil` (
  `id_perfil` int(10) UNSIGNED NOT NULL AUTO_INCREMENT,
  `nombre_paciente` varchar(80) NOT NULL,
  `fecha_nacimiento` date NOT NULL,
  `sexo` enum('F','M','NB','O') NOT NULL,
  `created_at` timestamp NULL DEFAULT current_timestamp(),
  `updated_at` timestamp NULL DEFAULT current_timestamp() ON UPDATE current_timestamp(),
  PRIMARY KEY (`id_perfil`)
) ENGINE=InnoDB AUTO_INCREMENT=46 DEFAULT CHARSET=utf8mb4 COLLATE=utf8mb4_unicode_ci;

--
-- Volcado de datos para la tabla `perfil`
--

INSERT INTO `perfil` (`id_perfil`, `nombre_paciente`, `fecha_nacimiento`, `sexo`, `created_at`, `updated_at`) VALUES
(40, 'paciente1', '1944-01-01', 'F', '2025-06-20 09:41:08', '2025-06-20 09:41:08'),
(41, 'paciente2', '1963-02-02', 'F', '2025-06-20 09:42:18', '2025-06-20 09:42:18'),
(42, 'paciente8', '2025-06-03', 'F', '2025-06-30 14:18:48', '2025-06-30 14:18:48'),
(43, 'paciente3', '2025-06-10', 'F', '2025-06-30 14:22:18', '2025-06-30 14:22:18'),
(44, 'paciente3', '2025-06-10', 'F', '2025-06-30 14:22:19', '2025-06-30 14:22:19'),
(45, 'paciente2', '1954-04-07', 'F', '2025-06-30 14:38:03', '2025-06-30 14:38:03');

-- --------------------------------------------------------

--
-- Estructura de tabla para la tabla `recordatorio`
--

DROP TABLE IF EXISTS `recordatorio`;
CREATE TABLE IF NOT EXISTS `recordatorio` (
  `id` int(10) UNSIGNED NOT NULL AUTO_INCREMENT,
  `id_trat_med` int(10) UNSIGNED NOT NULL,
  `fecha_hora` datetime NOT NULL,
  `tomado` tinyint(1) DEFAULT 0,
  `created_at` timestamp NOT NULL DEFAULT current_timestamp(),
  `updated_at` timestamp NULL DEFAULT NULL,
  PRIMARY KEY (`id`),
  KEY `id_trat_med` (`id_trat_med`)
) ENGINE=InnoDB AUTO_INCREMENT=344 DEFAULT CHARSET=utf8mb4 COLLATE=utf8mb4_unicode_ci;

--
-- Volcado de datos para la tabla `recordatorio`
--

INSERT INTO `recordatorio` (`id`, `id_trat_med`, `fecha_hora`, `tomado`, `created_at`, `updated_at`) VALUES
(66, 53, '2025-06-20 16:00:00', 0, '2025-06-20 09:41:34', '2025-06-20 09:41:34'),
(67, 53, '2025-06-21 00:00:00', 0, '2025-06-20 09:41:34', '2025-06-20 09:41:34'),
(68, 53, '2025-06-21 08:00:00', 0, '2025-06-20 09:41:34', '2025-06-20 09:41:34'),
(69, 53, '2025-06-21 16:00:00', 0, '2025-06-20 09:41:34', '2025-06-20 09:41:34'),
(70, 53, '2025-06-22 00:00:00', 0, '2025-06-20 09:41:34', '2025-06-20 09:41:34'),
(71, 53, '2025-06-22 08:00:00', 0, '2025-06-20 09:41:34', '2025-06-20 09:41:34'),
(72, 54, '2025-06-20 13:00:00', 0, '2025-06-20 09:42:50', '2025-06-20 09:44:06'),
(73, 54, '2025-06-21 13:00:00', 0, '2025-06-20 09:42:50', '2025-06-20 09:42:50'),
(74, 55, '2025-06-20 16:00:00', 0, '2025-06-20 09:43:56', '2025-06-20 09:43:56'),
(75, 55, '2025-06-21 00:00:00', 0, '2025-06-20 09:43:56', '2025-06-20 09:43:56'),
(76, 55, '2025-06-21 08:00:00', 0, '2025-06-20 09:43:56', '2025-06-20 09:43:56'),
(77, 55, '2025-06-21 16:00:00', 0, '2025-06-20 09:43:56', '2025-06-20 09:43:56'),
(78, 55, '2025-06-22 00:00:00', 0, '2025-06-20 09:43:56', '2025-06-20 09:43:56'),
(79, 55, '2025-06-22 08:00:00', 0, '2025-06-20 09:43:56', '2025-06-20 09:43:56'),
(80, 53, '2025-06-23 16:00:00', 0, '2025-06-23 08:54:49', '2025-06-23 08:54:49'),
(81, 53, '2025-06-24 00:00:00', 0, '2025-06-23 08:54:49', '2025-06-23 08:54:49'),
(82, 53, '2025-06-24 08:00:00', 0, '2025-06-23 08:54:49', '2025-06-23 08:54:49'),
(83, 53, '2025-06-24 16:00:00', 0, '2025-06-23 08:54:49', '2025-06-23 08:54:49'),
(84, 53, '2025-06-25 00:00:00', 0, '2025-06-23 08:54:49', '2025-06-23 08:54:49'),
(85, 53, '2025-06-25 08:00:00', 0, '2025-06-23 08:54:49', '2025-06-23 08:54:49'),
(86, 57, '2025-06-23 12:00:00', 0, '2025-06-23 08:56:33', '2025-06-23 08:56:33'),
(87, 57, '2025-06-23 16:00:00', 0, '2025-06-23 08:56:33', '2025-06-23 08:56:33'),
(88, 57, '2025-06-23 20:00:00', 0, '2025-06-23 08:56:33', '2025-06-23 08:56:33'),
(89, 57, '2025-06-24 00:00:00', 0, '2025-06-23 08:56:33', '2025-06-23 08:56:33'),
(90, 57, '2025-06-24 04:00:00', 0, '2025-06-23 08:56:33', '2025-06-23 08:56:33'),
(91, 57, '2025-06-24 08:00:00', 0, '2025-06-23 08:56:33', '2025-06-23 08:56:33'),
(92, 57, '2025-06-24 12:00:00', 0, '2025-06-23 08:56:33', '2025-06-23 08:56:33'),
(93, 57, '2025-06-24 16:00:00', 0, '2025-06-23 08:56:33', '2025-06-23 08:56:33'),
(94, 57, '2025-06-24 20:00:00', 0, '2025-06-23 08:56:33', '2025-06-23 08:56:33'),
(95, 57, '2025-06-25 00:00:00', 0, '2025-06-23 08:56:33', '2025-06-23 08:56:33'),
(96, 57, '2025-06-25 04:00:00', 0, '2025-06-23 08:56:33', '2025-06-23 08:56:33'),
(97, 57, '2025-06-25 08:00:00', 0, '2025-06-23 08:56:33', '2025-06-23 08:56:33'),
(98, 58, '2025-06-23 11:03:00', 0, '2025-06-23 09:00:19', '2025-06-23 09:38:02'),
(99, 58, '2025-06-23 12:03:00', 0, '2025-06-23 09:00:19', '2025-06-23 09:00:19'),
(100, 58, '2025-06-23 13:03:00', 0, '2025-06-23 09:00:19', '2025-06-23 09:00:19'),
(101, 58, '2025-06-23 14:03:00', 0, '2025-06-23 09:00:19', '2025-06-23 09:00:19'),
(102, 58, '2025-06-23 15:03:00', 0, '2025-06-23 09:00:19', '2025-06-23 09:00:19'),
(103, 58, '2025-06-23 16:03:00', 0, '2025-06-23 09:00:19', '2025-06-23 09:00:19'),
(104, 58, '2025-06-23 17:03:00', 0, '2025-06-23 09:00:19', '2025-06-23 09:00:19'),
(105, 58, '2025-06-23 18:03:00', 0, '2025-06-23 09:00:19', '2025-06-23 09:00:19'),
(106, 58, '2025-06-23 19:03:00', 0, '2025-06-23 09:00:19', '2025-06-23 09:00:19'),
(107, 58, '2025-06-23 20:03:00', 0, '2025-06-23 09:00:19', '2025-06-23 09:00:19'),
(108, 58, '2025-06-23 21:03:00', 0, '2025-06-23 09:00:19', '2025-06-23 09:00:19'),
(109, 58, '2025-06-23 22:03:00', 0, '2025-06-23 09:00:19', '2025-06-23 09:00:19'),
(110, 58, '2025-06-23 23:03:00', 0, '2025-06-23 09:00:19', '2025-06-23 09:00:19'),
(111, 58, '2025-06-24 00:03:00', 0, '2025-06-23 09:00:19', '2025-06-23 09:00:19'),
(112, 58, '2025-06-24 01:03:00', 0, '2025-06-23 09:00:19', '2025-06-23 09:00:19'),
(113, 58, '2025-06-24 02:03:00', 0, '2025-06-23 09:00:19', '2025-06-23 09:00:19'),
(114, 58, '2025-06-24 03:03:00', 0, '2025-06-23 09:00:19', '2025-06-23 09:00:19'),
(115, 58, '2025-06-24 04:03:00', 0, '2025-06-23 09:00:19', '2025-06-23 09:00:19'),
(116, 58, '2025-06-24 05:03:00', 0, '2025-06-23 09:00:19', '2025-06-23 09:00:19'),
(117, 58, '2025-06-24 06:03:00', 0, '2025-06-23 09:00:19', '2025-06-23 09:00:19'),
(118, 58, '2025-06-24 07:03:00', 0, '2025-06-23 09:00:19', '2025-06-23 09:00:19'),
(119, 58, '2025-06-24 08:03:00', 0, '2025-06-23 09:00:19', '2025-06-23 09:00:19'),
(120, 58, '2025-06-24 09:03:00', 0, '2025-06-23 09:00:19', '2025-06-23 09:00:19'),
(121, 58, '2025-06-24 10:03:00', 0, '2025-06-23 09:00:19', '2025-06-23 09:00:19'),
(122, 58, '2025-06-24 11:03:00', 0, '2025-06-23 09:00:19', '2025-06-23 09:00:19'),
(123, 58, '2025-06-24 12:03:00', 0, '2025-06-23 09:00:19', '2025-06-23 09:00:19'),
(124, 58, '2025-06-24 13:03:00', 0, '2025-06-23 09:00:19', '2025-06-23 09:00:19'),
(125, 58, '2025-06-24 14:03:00', 0, '2025-06-23 09:00:19', '2025-06-23 09:00:19'),
(126, 58, '2025-06-24 15:03:00', 0, '2025-06-23 09:00:19', '2025-06-23 09:00:19'),
(127, 58, '2025-06-24 16:03:00', 0, '2025-06-23 09:00:19', '2025-06-23 09:00:19'),
(128, 58, '2025-06-24 17:03:00', 0, '2025-06-23 09:00:19', '2025-06-23 09:00:19'),
(129, 58, '2025-06-24 18:03:00', 0, '2025-06-23 09:00:19', '2025-06-23 09:00:19'),
(130, 58, '2025-06-24 19:03:00', 0, '2025-06-23 09:00:19', '2025-06-23 09:00:19'),
(131, 58, '2025-06-24 20:03:00', 0, '2025-06-23 09:00:19', '2025-06-23 09:00:19'),
(132, 58, '2025-06-24 21:03:00', 0, '2025-06-23 09:00:19', '2025-06-23 09:00:19'),
(133, 58, '2025-06-24 22:03:00', 0, '2025-06-23 09:00:19', '2025-06-23 09:00:19'),
(134, 58, '2025-06-24 23:03:00', 0, '2025-06-23 09:00:19', '2025-06-23 09:00:19'),
(135, 58, '2025-06-25 00:03:00', 0, '2025-06-23 09:00:19', '2025-06-23 09:00:19'),
(136, 58, '2025-06-25 01:03:00', 0, '2025-06-23 09:00:19', '2025-06-23 09:00:19'),
(137, 58, '2025-06-25 02:03:00', 0, '2025-06-23 09:00:19', '2025-06-23 09:00:19'),
(138, 58, '2025-06-25 03:03:00', 0, '2025-06-23 09:00:19', '2025-06-23 09:00:19'),
(139, 58, '2025-06-25 04:03:00', 0, '2025-06-23 09:00:19', '2025-06-23 09:00:19'),
(140, 58, '2025-06-25 05:03:00', 0, '2025-06-23 09:00:19', '2025-06-23 09:00:19'),
(141, 58, '2025-06-25 06:03:00', 0, '2025-06-23 09:00:19', '2025-06-23 09:00:19'),
(142, 58, '2025-06-25 07:03:00', 0, '2025-06-23 09:00:19', '2025-06-23 09:00:19'),
(143, 58, '2025-06-25 08:03:00', 0, '2025-06-23 09:00:19', '2025-06-23 09:00:19'),
(144, 58, '2025-06-25 09:03:00', 0, '2025-06-23 09:00:19', '2025-06-23 09:00:19'),
(145, 58, '2025-06-25 10:03:00', 0, '2025-06-23 09:00:19', '2025-06-23 09:00:19'),
(146, 59, '2025-06-23 11:38:00', 0, '2025-06-23 09:36:20', '2025-06-23 09:38:02'),
(147, 59, '2025-06-23 12:38:00', 0, '2025-06-23 09:36:20', '2025-06-23 09:36:20'),
(148, 59, '2025-06-23 13:38:00', 0, '2025-06-23 09:36:20', '2025-06-23 09:36:20'),
(149, 59, '2025-06-23 14:38:00', 0, '2025-06-23 09:36:20', '2025-06-23 09:36:20'),
(150, 59, '2025-06-23 15:38:00', 0, '2025-06-23 09:36:20', '2025-06-23 09:36:20'),
(151, 59, '2025-06-23 16:38:00', 0, '2025-06-23 09:36:20', '2025-06-23 09:36:20'),
(152, 59, '2025-06-23 17:38:00', 0, '2025-06-23 09:36:20', '2025-06-23 09:36:20'),
(153, 59, '2025-06-23 18:38:00', 0, '2025-06-23 09:36:20', '2025-06-23 09:36:20'),
(154, 59, '2025-06-23 19:38:00', 0, '2025-06-23 09:36:20', '2025-06-23 09:36:20'),
(155, 59, '2025-06-23 20:38:00', 0, '2025-06-23 09:36:20', '2025-06-23 09:36:20'),
(156, 59, '2025-06-23 21:38:00', 0, '2025-06-23 09:36:20', '2025-06-23 09:36:20'),
(157, 59, '2025-06-23 22:38:00', 0, '2025-06-23 09:36:20', '2025-06-23 09:36:20'),
(158, 59, '2025-06-23 23:38:00', 0, '2025-06-23 09:36:20', '2025-06-23 09:36:20'),
(159, 59, '2025-06-24 00:38:00', 0, '2025-06-23 09:36:20', '2025-06-23 09:36:20'),
(160, 59, '2025-06-24 01:38:00', 0, '2025-06-23 09:36:20', '2025-06-23 09:36:20'),
(161, 59, '2025-06-24 02:38:00', 0, '2025-06-23 09:36:20', '2025-06-23 09:36:20'),
(162, 59, '2025-06-24 03:38:00', 0, '2025-06-23 09:36:20', '2025-06-23 09:36:20'),
(163, 59, '2025-06-24 04:38:00', 0, '2025-06-23 09:36:20', '2025-06-23 09:36:20'),
(164, 59, '2025-06-24 05:38:00', 0, '2025-06-23 09:36:20', '2025-06-23 09:36:20'),
(165, 59, '2025-06-24 06:38:00', 0, '2025-06-23 09:36:20', '2025-06-23 09:36:20'),
(166, 59, '2025-06-24 07:38:00', 0, '2025-06-23 09:36:20', '2025-06-23 09:36:20'),
(167, 59, '2025-06-24 08:38:00', 0, '2025-06-23 09:36:20', '2025-06-23 09:36:20'),
(168, 59, '2025-06-24 09:38:00', 0, '2025-06-23 09:36:20', '2025-06-23 09:36:20'),
(169, 59, '2025-06-24 10:38:00', 0, '2025-06-23 09:36:20', '2025-06-23 09:36:20'),
(170, 59, '2025-06-24 11:38:00', 0, '2025-06-23 09:36:20', '2025-06-23 09:36:20'),
(171, 59, '2025-06-24 12:38:00', 0, '2025-06-23 09:36:20', '2025-06-23 09:36:20'),
(172, 59, '2025-06-24 13:38:00', 0, '2025-06-23 09:36:20', '2025-06-23 09:36:20'),
(173, 59, '2025-06-24 14:38:00', 0, '2025-06-23 09:36:20', '2025-06-23 09:36:20'),
(174, 59, '2025-06-24 15:38:00', 0, '2025-06-23 09:36:20', '2025-06-23 09:36:20'),
(175, 59, '2025-06-24 16:38:00', 0, '2025-06-23 09:36:20', '2025-06-23 09:36:20'),
(176, 59, '2025-06-24 17:38:00', 0, '2025-06-23 09:36:20', '2025-06-23 09:36:20'),
(177, 59, '2025-06-24 18:38:00', 0, '2025-06-23 09:36:20', '2025-06-23 09:36:20'),
(178, 59, '2025-06-24 19:38:00', 0, '2025-06-23 09:36:20', '2025-06-23 09:36:20'),
(179, 59, '2025-06-24 20:38:00', 0, '2025-06-23 09:36:20', '2025-06-23 09:36:20'),
(180, 59, '2025-06-24 21:38:00', 0, '2025-06-23 09:36:20', '2025-06-23 09:36:20'),
(181, 59, '2025-06-24 22:38:00', 0, '2025-06-23 09:36:20', '2025-06-23 09:36:20'),
(182, 59, '2025-06-24 23:38:00', 0, '2025-06-23 09:36:20', '2025-06-23 09:36:20'),
(183, 59, '2025-06-25 00:38:00', 0, '2025-06-23 09:36:20', '2025-06-23 09:36:20'),
(184, 59, '2025-06-25 01:38:00', 0, '2025-06-23 09:36:20', '2025-06-23 09:36:20'),
(185, 59, '2025-06-25 02:38:00', 0, '2025-06-23 09:36:20', '2025-06-23 09:36:20'),
(186, 59, '2025-06-25 03:38:00', 0, '2025-06-23 09:36:20', '2025-06-23 09:36:20'),
(187, 59, '2025-06-25 04:38:00', 0, '2025-06-23 09:36:20', '2025-06-23 09:36:20'),
(188, 59, '2025-06-25 05:38:00', 0, '2025-06-23 09:36:20', '2025-06-23 09:36:20'),
(189, 59, '2025-06-25 06:38:00', 0, '2025-06-23 09:36:20', '2025-06-23 09:36:20'),
(190, 59, '2025-06-25 07:38:00', 0, '2025-06-23 09:36:20', '2025-06-23 09:36:20'),
(191, 59, '2025-06-25 08:38:00', 0, '2025-06-23 09:36:20', '2025-06-23 09:36:20'),
(192, 59, '2025-06-25 09:38:00', 0, '2025-06-23 09:36:20', '2025-06-23 09:36:20'),
(193, 59, '2025-06-25 10:38:00', 0, '2025-06-23 09:36:20', '2025-06-23 09:36:20'),
(194, 58, '2025-06-25 11:03:00', 0, '2025-06-23 09:36:20', '2025-06-23 09:36:20'),
(195, 59, '2025-06-25 11:38:00', 0, '2025-06-23 09:39:03', '2025-06-23 09:39:03'),
(196, 60, '2025-06-23 15:43:00', 0, '2025-06-23 09:41:10', '2025-06-23 09:41:10'),
(197, 60, '2025-06-24 03:43:00', 0, '2025-06-23 09:41:10', '2025-06-23 09:41:10'),
(198, 60, '2025-06-24 15:43:00', 0, '2025-06-23 09:41:10', '2025-06-23 09:41:10'),
(199, 60, '2025-06-25 03:43:00', 0, '2025-06-23 09:41:10', '2025-06-23 09:41:10'),
(200, 53, '2025-07-01 00:00:00', 0, '2025-06-30 14:14:59', '2025-06-30 14:14:59'),
(201, 53, '2025-07-01 08:00:00', 0, '2025-06-30 14:14:59', '2025-06-30 14:14:59'),
(202, 53, '2025-07-01 16:00:00', 0, '2025-06-30 14:14:59', '2025-06-30 14:14:59'),
(203, 53, '2025-07-02 00:00:00', 0, '2025-06-30 14:14:59', '2025-06-30 14:14:59'),
(204, 53, '2025-07-02 08:00:00', 0, '2025-06-30 14:14:59', '2025-06-30 14:14:59'),
(205, 53, '2025-07-02 16:00:00', 0, '2025-06-30 14:14:59', '2025-06-30 14:14:59'),
(206, 57, '2025-06-30 20:00:00', 0, '2025-06-30 14:14:59', '2025-06-30 14:14:59'),
(207, 57, '2025-07-01 00:00:00', 0, '2025-06-30 14:14:59', '2025-06-30 14:14:59'),
(208, 57, '2025-07-01 04:00:00', 0, '2025-06-30 14:14:59', '2025-06-30 14:14:59'),
(209, 57, '2025-07-01 08:00:00', 0, '2025-06-30 14:14:59', '2025-06-30 14:14:59'),
(210, 57, '2025-07-01 12:00:00', 0, '2025-06-30 14:14:59', '2025-06-30 14:14:59'),
(211, 57, '2025-07-01 16:00:00', 0, '2025-06-30 14:14:59', '2025-06-30 14:14:59'),
(212, 57, '2025-07-01 20:00:00', 0, '2025-06-30 14:14:59', '2025-06-30 14:14:59'),
(213, 57, '2025-07-02 00:00:00', 0, '2025-06-30 14:14:59', '2025-06-30 14:14:59'),
(214, 57, '2025-07-02 04:00:00', 0, '2025-06-30 14:14:59', '2025-06-30 14:14:59'),
(215, 57, '2025-07-02 08:00:00', 0, '2025-06-30 14:14:59', '2025-06-30 14:14:59'),
(216, 57, '2025-07-02 12:00:00', 0, '2025-06-30 14:14:59', '2025-06-30 14:14:59'),
(217, 57, '2025-07-02 16:00:00', 0, '2025-06-30 14:14:59', '2025-06-30 14:14:59'),
(218, 58, '2025-06-30 17:03:00', 0, '2025-06-30 14:14:59', '2025-06-30 14:48:29'),
(219, 58, '2025-06-30 18:03:00', 0, '2025-06-30 14:14:59', '2025-06-30 14:14:59'),
(220, 58, '2025-06-30 19:03:00', 0, '2025-06-30 14:14:59', '2025-06-30 14:14:59'),
(221, 58, '2025-06-30 20:03:00', 0, '2025-06-30 14:14:59', '2025-06-30 14:14:59'),
(222, 58, '2025-06-30 21:03:00', 0, '2025-06-30 14:14:59', '2025-06-30 14:14:59'),
(223, 58, '2025-06-30 22:03:00', 0, '2025-06-30 14:14:59', '2025-06-30 14:14:59'),
(224, 58, '2025-06-30 23:03:00', 0, '2025-06-30 14:14:59', '2025-06-30 14:14:59'),
(225, 58, '2025-07-01 00:03:00', 0, '2025-06-30 14:14:59', '2025-06-30 14:14:59'),
(226, 58, '2025-07-01 01:03:00', 0, '2025-06-30 14:14:59', '2025-06-30 14:14:59'),
(227, 58, '2025-07-01 02:03:00', 0, '2025-06-30 14:14:59', '2025-06-30 14:14:59'),
(228, 58, '2025-07-01 03:03:00', 0, '2025-06-30 14:14:59', '2025-06-30 14:14:59'),
(229, 58, '2025-07-01 04:03:00', 0, '2025-06-30 14:14:59', '2025-06-30 14:14:59'),
(230, 58, '2025-07-01 05:03:00', 0, '2025-06-30 14:14:59', '2025-06-30 14:14:59'),
(231, 58, '2025-07-01 06:03:00', 0, '2025-06-30 14:14:59', '2025-06-30 14:14:59'),
(232, 58, '2025-07-01 07:03:00', 0, '2025-06-30 14:14:59', '2025-06-30 14:14:59'),
(233, 58, '2025-07-01 08:03:00', 0, '2025-06-30 14:14:59', '2025-06-30 14:14:59'),
(234, 58, '2025-07-01 09:03:00', 0, '2025-06-30 14:14:59', '2025-06-30 14:14:59'),
(235, 58, '2025-07-01 10:03:00', 0, '2025-06-30 14:14:59', '2025-06-30 14:14:59'),
(236, 58, '2025-07-01 11:03:00', 0, '2025-06-30 14:14:59', '2025-06-30 14:14:59'),
(237, 58, '2025-07-01 12:03:00', 0, '2025-06-30 14:14:59', '2025-06-30 14:14:59'),
(238, 58, '2025-07-01 13:03:00', 0, '2025-06-30 14:14:59', '2025-06-30 14:14:59'),
(239, 58, '2025-07-01 14:03:00', 0, '2025-06-30 14:14:59', '2025-06-30 14:14:59'),
(240, 58, '2025-07-01 15:03:00', 0, '2025-06-30 14:14:59', '2025-06-30 14:14:59'),
(241, 58, '2025-07-01 16:03:00', 0, '2025-06-30 14:14:59', '2025-06-30 14:14:59'),
(242, 58, '2025-07-01 17:03:00', 0, '2025-06-30 14:14:59', '2025-06-30 14:14:59'),
(243, 58, '2025-07-01 18:03:00', 0, '2025-06-30 14:14:59', '2025-06-30 14:14:59'),
(244, 58, '2025-07-01 19:03:00', 0, '2025-06-30 14:14:59', '2025-06-30 14:14:59'),
(245, 58, '2025-07-01 20:03:00', 0, '2025-06-30 14:14:59', '2025-06-30 14:14:59'),
(246, 58, '2025-07-01 21:03:00', 0, '2025-06-30 14:14:59', '2025-06-30 14:14:59'),
(247, 58, '2025-07-01 22:03:00', 0, '2025-06-30 14:14:59', '2025-06-30 14:14:59'),
(248, 58, '2025-07-01 23:03:00', 0, '2025-06-30 14:14:59', '2025-06-30 14:14:59'),
(249, 58, '2025-07-02 00:03:00', 0, '2025-06-30 14:14:59', '2025-06-30 14:14:59'),
(250, 58, '2025-07-02 01:03:00', 0, '2025-06-30 14:14:59', '2025-06-30 14:14:59'),
(251, 58, '2025-07-02 02:03:00', 0, '2025-06-30 14:14:59', '2025-06-30 14:14:59'),
(252, 58, '2025-07-02 03:03:00', 0, '2025-06-30 14:14:59', '2025-06-30 14:14:59'),
(253, 58, '2025-07-02 04:03:00', 0, '2025-06-30 14:14:59', '2025-06-30 14:14:59'),
(254, 58, '2025-07-02 05:03:00', 0, '2025-06-30 14:14:59', '2025-06-30 14:14:59'),
(255, 58, '2025-07-02 06:03:00', 0, '2025-06-30 14:14:59', '2025-06-30 14:14:59'),
(256, 58, '2025-07-02 07:03:00', 0, '2025-06-30 14:14:59', '2025-06-30 14:14:59'),
(257, 58, '2025-07-02 08:03:00', 0, '2025-06-30 14:14:59', '2025-06-30 14:14:59'),
(258, 58, '2025-07-02 09:03:00', 0, '2025-06-30 14:14:59', '2025-06-30 14:14:59'),
(259, 58, '2025-07-02 10:03:00', 0, '2025-06-30 14:14:59', '2025-06-30 14:14:59'),
(260, 58, '2025-07-02 11:03:00', 0, '2025-06-30 14:14:59', '2025-06-30 14:14:59'),
(261, 58, '2025-07-02 12:03:00', 0, '2025-06-30 14:14:59', '2025-06-30 14:14:59'),
(262, 58, '2025-07-02 13:03:00', 0, '2025-06-30 14:14:59', '2025-06-30 14:14:59'),
(263, 58, '2025-07-02 14:03:00', 0, '2025-06-30 14:14:59', '2025-06-30 14:14:59'),
(264, 58, '2025-07-02 15:03:00', 0, '2025-06-30 14:14:59', '2025-06-30 14:14:59'),
(265, 58, '2025-07-02 16:03:00', 0, '2025-06-30 14:14:59', '2025-06-30 14:14:59'),
(266, 59, '2025-06-30 16:38:00', 0, '2025-06-30 14:14:59', '2025-06-30 14:48:30'),
(267, 59, '2025-06-30 17:38:00', 0, '2025-06-30 14:14:59', '2025-06-30 14:14:59'),
(268, 59, '2025-06-30 18:38:00', 0, '2025-06-30 14:14:59', '2025-06-30 14:14:59'),
(269, 59, '2025-06-30 19:38:00', 0, '2025-06-30 14:14:59', '2025-06-30 14:14:59'),
(270, 59, '2025-06-30 20:38:00', 0, '2025-06-30 14:14:59', '2025-06-30 14:14:59'),
(271, 59, '2025-06-30 21:38:00', 0, '2025-06-30 14:14:59', '2025-06-30 14:14:59'),
(272, 59, '2025-06-30 22:38:00', 0, '2025-06-30 14:14:59', '2025-06-30 14:14:59'),
(273, 59, '2025-06-30 23:38:00', 0, '2025-06-30 14:14:59', '2025-06-30 14:14:59'),
(274, 59, '2025-07-01 00:38:00', 0, '2025-06-30 14:14:59', '2025-06-30 14:14:59'),
(275, 59, '2025-07-01 01:38:00', 0, '2025-06-30 14:14:59', '2025-06-30 14:14:59'),
(276, 59, '2025-07-01 02:38:00', 0, '2025-06-30 14:14:59', '2025-06-30 14:14:59'),
(277, 59, '2025-07-01 03:38:00', 0, '2025-06-30 14:14:59', '2025-06-30 14:14:59'),
(278, 59, '2025-07-01 04:38:00', 0, '2025-06-30 14:14:59', '2025-06-30 14:14:59'),
(279, 59, '2025-07-01 05:38:00', 0, '2025-06-30 14:14:59', '2025-06-30 14:14:59'),
(280, 59, '2025-07-01 06:38:00', 0, '2025-06-30 14:14:59', '2025-06-30 14:14:59'),
(281, 59, '2025-07-01 07:38:00', 0, '2025-06-30 14:14:59', '2025-06-30 14:14:59'),
(282, 59, '2025-07-01 08:38:00', 0, '2025-06-30 14:14:59', '2025-06-30 14:14:59'),
(283, 59, '2025-07-01 09:38:00', 0, '2025-06-30 14:14:59', '2025-06-30 14:14:59'),
(284, 59, '2025-07-01 10:38:00', 0, '2025-06-30 14:14:59', '2025-06-30 14:14:59'),
(285, 59, '2025-07-01 11:38:00', 0, '2025-06-30 14:14:59', '2025-06-30 14:14:59'),
(286, 59, '2025-07-01 12:38:00', 0, '2025-06-30 14:14:59', '2025-06-30 14:14:59'),
(287, 59, '2025-07-01 13:38:00', 0, '2025-06-30 14:14:59', '2025-06-30 14:14:59'),
(288, 59, '2025-07-01 14:38:00', 0, '2025-06-30 14:14:59', '2025-06-30 14:14:59'),
(289, 59, '2025-07-01 15:38:00', 0, '2025-06-30 14:14:59', '2025-06-30 14:14:59'),
(290, 59, '2025-07-01 16:38:00', 0, '2025-06-30 14:14:59', '2025-06-30 14:14:59'),
(291, 59, '2025-07-01 17:38:00', 0, '2025-06-30 14:14:59', '2025-06-30 14:14:59'),
(292, 59, '2025-07-01 18:38:00', 0, '2025-06-30 14:14:59', '2025-06-30 14:14:59'),
(293, 59, '2025-07-01 19:38:00', 0, '2025-06-30 14:14:59', '2025-06-30 14:14:59'),
(294, 59, '2025-07-01 20:38:00', 0, '2025-06-30 14:14:59', '2025-06-30 14:14:59'),
(295, 59, '2025-07-01 21:38:00', 0, '2025-06-30 14:14:59', '2025-06-30 14:14:59'),
(296, 59, '2025-07-01 22:38:00', 0, '2025-06-30 14:14:59', '2025-06-30 14:14:59'),
(297, 59, '2025-07-01 23:38:00', 0, '2025-06-30 14:14:59', '2025-06-30 14:14:59'),
(298, 59, '2025-07-02 00:38:00', 0, '2025-06-30 14:14:59', '2025-06-30 14:14:59'),
(299, 59, '2025-07-02 01:38:00', 0, '2025-06-30 14:14:59', '2025-06-30 14:14:59'),
(300, 59, '2025-07-02 02:38:00', 0, '2025-06-30 14:14:59', '2025-06-30 14:14:59'),
(301, 59, '2025-07-02 03:38:00', 0, '2025-06-30 14:14:59', '2025-06-30 14:14:59'),
(302, 59, '2025-07-02 04:38:00', 0, '2025-06-30 14:14:59', '2025-06-30 14:14:59'),
(303, 59, '2025-07-02 05:38:00', 0, '2025-06-30 14:14:59', '2025-06-30 14:14:59'),
(304, 59, '2025-07-02 06:38:00', 0, '2025-06-30 14:14:59', '2025-06-30 14:14:59'),
(305, 59, '2025-07-02 07:38:00', 0, '2025-06-30 14:14:59', '2025-06-30 14:14:59'),
(306, 59, '2025-07-02 08:38:00', 0, '2025-06-30 14:14:59', '2025-06-30 14:14:59'),
(307, 59, '2025-07-02 09:38:00', 0, '2025-06-30 14:14:59', '2025-06-30 14:14:59'),
(308, 59, '2025-07-02 10:38:00', 0, '2025-06-30 14:14:59', '2025-06-30 14:14:59'),
(309, 59, '2025-07-02 11:38:00', 0, '2025-06-30 14:14:59', '2025-06-30 14:14:59'),
(310, 59, '2025-07-02 12:38:00', 0, '2025-06-30 14:14:59', '2025-06-30 14:14:59'),
(311, 59, '2025-07-02 13:38:00', 0, '2025-06-30 14:14:59', '2025-06-30 14:14:59'),
(312, 59, '2025-07-02 14:38:00', 0, '2025-06-30 14:14:59', '2025-06-30 14:14:59'),
(313, 59, '2025-07-02 15:38:00', 0, '2025-06-30 14:14:59', '2025-06-30 14:14:59'),
(314, 60, '2025-07-01 03:43:00', 0, '2025-06-30 14:14:59', '2025-06-30 14:14:59'),
(315, 60, '2025-07-01 15:43:00', 0, '2025-06-30 14:14:59', '2025-06-30 14:14:59'),
(316, 60, '2025-07-02 03:43:00', 0, '2025-06-30 14:14:59', '2025-06-30 14:14:59'),
(317, 60, '2025-07-02 15:43:00', 0, '2025-06-30 14:14:59', '2025-06-30 14:14:59'),
(318, 61, '2025-06-30 20:17:00', 0, '2025-06-30 14:15:36', '2025-06-30 14:15:36'),
(319, 63, '2025-06-30 18:21:00', 0, '2025-06-30 14:19:02', '2025-06-30 14:21:17'),
(320, 63, '2025-07-01 03:21:00', 0, '2025-06-30 14:19:02', '2025-06-30 14:19:02'),
(321, 63, '2025-07-01 12:21:00', 0, '2025-06-30 14:19:02', '2025-06-30 14:19:02'),
(322, 63, '2025-07-01 21:21:00', 0, '2025-06-30 14:19:02', '2025-06-30 14:19:02'),
(323, 63, '2025-07-02 06:21:00', 0, '2025-06-30 14:19:02', '2025-06-30 14:19:02'),
(324, 63, '2025-07-02 15:21:00', 0, '2025-06-30 14:19:02', '2025-06-30 14:19:02'),
(325, 64, '2025-06-30 19:23:00', 0, '2025-06-30 14:22:37', '2025-06-30 14:22:37'),
(326, 64, '2025-06-30 23:23:00', 0, '2025-06-30 14:22:37', '2025-06-30 14:22:37'),
(327, 64, '2025-07-01 03:23:00', 0, '2025-06-30 14:22:37', '2025-06-30 14:22:37'),
(328, 64, '2025-07-01 07:23:00', 0, '2025-06-30 14:22:37', '2025-06-30 14:22:37'),
(329, 64, '2025-07-01 11:23:00', 0, '2025-06-30 14:22:37', '2025-06-30 14:22:37'),
(330, 64, '2025-07-01 15:23:00', 0, '2025-06-30 14:22:37', '2025-06-30 14:22:37'),
(331, 64, '2025-07-01 19:23:00', 0, '2025-06-30 14:22:37', '2025-06-30 14:22:37'),
(332, 64, '2025-07-01 23:23:00', 0, '2025-06-30 14:22:37', '2025-06-30 14:22:37'),
(333, 64, '2025-07-02 03:23:00', 0, '2025-06-30 14:22:37', '2025-06-30 14:22:37'),
(334, 64, '2025-07-02 07:23:00', 0, '2025-06-30 14:22:37', '2025-06-30 14:22:37'),
(335, 64, '2025-07-02 11:23:00', 0, '2025-06-30 14:22:37', '2025-06-30 14:22:37'),
(336, 64, '2025-07-02 15:23:00', 0, '2025-06-30 14:22:37', '2025-06-30 14:22:37'),
(337, 65, '2025-06-30 18:38:00', 0, '2025-06-30 14:38:27', '2025-06-30 14:38:44'),
(338, 65, '2025-07-01 02:38:00', 0, '2025-06-30 14:38:27', '2025-06-30 14:38:27'),
(339, 65, '2025-07-01 10:38:00', 0, '2025-06-30 14:38:27', '2025-06-30 14:38:27'),
(340, 65, '2025-07-01 18:38:00', 0, '2025-06-30 14:38:27', '2025-06-30 14:38:27'),
(341, 65, '2025-07-02 02:38:00', 0, '2025-06-30 14:38:27', '2025-06-30 14:38:27'),
(342, 65, '2025-07-02 10:38:00', 0, '2025-06-30 14:38:27', '2025-06-30 14:38:27'),
(343, 59, '2025-07-02 16:38:00', 0, '2025-06-30 14:38:53', '2025-06-30 14:38:53');

-- --------------------------------------------------------

--
-- Estructura de tabla para la tabla `tratamiento`
--

DROP TABLE IF EXISTS `tratamiento`;
CREATE TABLE IF NOT EXISTS `tratamiento` (
  `id_tratamiento` int(10) UNSIGNED NOT NULL AUTO_INCREMENT,
  `id_perfil` int(10) UNSIGNED NOT NULL,
  `id_usuario_creador` int(10) UNSIGNED NOT NULL,
  `causa` varchar(150) NOT NULL,
  `fecha_inicio` date NOT NULL,
  `estado` enum('activo','archivado') DEFAULT 'activo',
  `ts_creacion` timestamp NOT NULL DEFAULT current_timestamp(),
  `created_at` timestamp NULL DEFAULT current_timestamp(),
  `updated_at` timestamp NULL DEFAULT current_timestamp() ON UPDATE current_timestamp(),
  PRIMARY KEY (`id_tratamiento`),
  KEY `fk_trat_perfil` (`id_perfil`),
  KEY `fk_trat_usuario` (`id_usuario_creador`)
) ENGINE=InnoDB AUTO_INCREMENT=70 DEFAULT CHARSET=utf8mb4 COLLATE=utf8mb4_unicode_ci;

--
-- Volcado de datos para la tabla `tratamiento`
--

INSERT INTO `tratamiento` (`id_tratamiento`, `id_perfil`, `id_usuario_creador`, `causa`, `fecha_inicio`, `estado`, `ts_creacion`, `created_at`, `updated_at`) VALUES
(55, 40, 44, 'Catarro', '2025-06-20', 'activo', '2025-06-20 11:41:08', '2025-06-20 09:41:08', '2025-06-20 09:41:08'),
(56, 41, 45, 'Diabetes', '2025-06-20', 'activo', '2025-06-20 11:42:18', '2025-06-20 09:42:18', '2025-06-20 09:42:18'),
(57, 41, 45, 'Catarro', '2025-06-20', 'activo', '2025-06-20 11:43:31', '2025-06-20 09:43:31', '2025-06-20 09:43:31'),
(58, 40, 44, 'Gota', '2025-06-23', 'activo', '2025-06-23 10:59:55', '2025-06-23 08:59:55', '2025-06-23 08:59:55'),
(59, 40, 44, 'Diabetes', '2025-06-23', 'activo', '2025-06-23 11:36:08', '2025-06-23 09:36:08', '2025-06-23 09:36:08'),
(60, 40, 44, 'Lupus', '2025-06-23', 'activo', '2025-06-23 11:40:53', '2025-06-23 09:40:53', '2025-06-23 09:40:53'),
(61, 40, 44, 'Bronquitis', '2025-06-30', 'activo', '2025-06-30 16:15:18', '2025-06-30 14:15:18', '2025-06-30 14:15:18'),
(62, 40, 44, 'Gota', '2025-06-30', 'activo', '2025-06-30 16:16:28', '2025-06-30 14:16:28', '2025-06-30 14:16:28'),
(63, 42, 46, 'Gota', '2025-06-30', 'activo', '2025-06-30 16:18:48', '2025-06-30 14:18:48', '2025-06-30 14:18:48'),
(64, 43, 46, 'Diabetes', '2025-06-30', 'activo', '2025-06-30 16:22:18', '2025-06-30 14:22:18', '2025-06-30 14:22:18'),
(65, 44, 46, 'Diabetes', '2025-06-30', 'activo', '2025-06-30 16:22:19', '2025-06-30 14:22:19', '2025-06-30 14:22:19'),
(66, 45, 44, 'Catarro', '2025-06-30', 'activo', '2025-06-30 16:38:03', '2025-06-30 14:38:03', '2025-06-30 14:38:03'),
(67, 40, 44, 'Lupus', '2025-06-30', 'activo', '2025-06-30 16:40:23', '2025-06-30 14:40:23', '2025-06-30 14:40:23'),
(68, 40, 44, 'Hipotiroidismo', '2025-06-30', 'activo', '2025-06-30 16:46:41', '2025-06-30 14:46:41', '2025-06-30 14:46:41'),
(69, 40, 44, 'Gota', '2025-06-30', 'activo', '2025-06-30 16:48:04', '2025-06-30 14:48:04', '2025-06-30 14:48:04');

-- --------------------------------------------------------

--
-- Estructura de tabla para la tabla `tratamiento_medicamento`
--

DROP TABLE IF EXISTS `tratamiento_medicamento`;
CREATE TABLE IF NOT EXISTS `tratamiento_medicamento` (
  `id_trat_med` int(10) UNSIGNED NOT NULL AUTO_INCREMENT,
  `id_tratamiento` int(10) UNSIGNED NOT NULL,
  `id_medicamento` int(10) UNSIGNED NOT NULL,
  `indicacion` varchar(120) NOT NULL,
  `presentacion` enum('comprimidos','jarabe','gotas','inyeccion','pomada','parche','polvo','spray','otro') NOT NULL,
  `via` enum('oral','topica','nasal','ocular','otica','intravenosa','intramuscular','subcutanea','rectal','inhalatoria','otro') NOT NULL,
  `dosis` varchar(50) NOT NULL,
  `pauta_intervalo` smallint(5) UNSIGNED NOT NULL,
  `pauta_unidad` enum('horas','dias','semanas','meses') NOT NULL,
  `fecha_hora_inicio` datetime DEFAULT NULL,
  `observaciones` varchar(255) DEFAULT NULL,
  `estado` enum('activo','archivado') DEFAULT 'activo',
  `sustituido_por` int(10) UNSIGNED DEFAULT NULL,
  `created_at` timestamp NULL DEFAULT current_timestamp(),
  `updated_at` timestamp NULL DEFAULT current_timestamp() ON UPDATE current_timestamp(),
  PRIMARY KEY (`id_trat_med`),
  KEY `fk_tm_trat` (`id_tratamiento`),
  KEY `fk_tm_medic` (`id_medicamento`),
  KEY `fk_tm_subs` (`sustituido_por`)
) ENGINE=InnoDB AUTO_INCREMENT=69 DEFAULT CHARSET=utf8mb4 COLLATE=utf8mb4_unicode_ci;

--
-- Volcado de datos para la tabla `tratamiento_medicamento`
--

INSERT INTO `tratamiento_medicamento` (`id_trat_med`, `id_tratamiento`, `id_medicamento`, `indicacion`, `presentacion`, `via`, `dosis`, `pauta_intervalo`, `pauta_unidad`, `fecha_hora_inicio`, `observaciones`, `estado`, `sustituido_por`, `created_at`, `updated_at`) VALUES
(53, 55, 10, 'Dolor', 'comprimidos', 'oral', '1g', 8, 'horas', '2025-03-01 08:00:00', NULL, 'activo', NULL, '2025-06-20 09:41:34', '2025-06-20 09:41:34'),
(54, 56, 11, 'Control azucar', 'inyeccion', 'intravenosa', '1mg', 1, 'dias', '2025-06-09 13:00:00', NULL, 'activo', NULL, '2025-06-20 09:42:50', '2025-06-20 09:42:50'),
(55, 57, 10, 'Dolor', 'comprimidos', 'oral', '1g', 8, 'horas', '2024-07-09 08:00:00', NULL, 'activo', NULL, '2025-06-20 09:43:56', '2025-06-20 09:43:56'),
(56, 56, 10, 'Dolor', 'comprimidos', 'oral', '1g', 4, 'horas', '2025-07-09 11:01:00', NULL, 'activo', NULL, '2025-06-20 10:09:40', '2025-06-20 10:09:40'),
(57, 55, 11, 'Tiroides', 'comprimidos', 'oral', '50mg', 4, 'horas', '2025-06-21 16:00:00', NULL, 'activo', NULL, '2025-06-23 08:56:33', '2025-06-23 08:56:33'),
(58, 58, 12, 'Tiroides', 'comprimidos', 'oral', '25mg', 1, 'horas', '2025-06-18 16:03:00', NULL, 'activo', NULL, '2025-06-23 09:00:19', '2025-06-23 09:00:19'),
(59, 59, 11, 'Tiroides', 'comprimidos', 'oral', '23mg', 1, 'horas', '2025-06-05 15:38:00', NULL, 'activo', NULL, '2025-06-23 09:36:20', '2025-06-23 09:36:20'),
(60, 60, 11, 'Mucosidad', 'comprimidos', 'oral', '23mg', 12, 'horas', '2025-06-11 15:43:00', NULL, 'activo', NULL, '2025-06-23 09:41:10', '2025-06-23 09:41:10'),
(61, 61, 11, 'Tiroides', 'comprimidos', 'oral', '25mg', 4, 'dias', '2025-06-10 20:17:00', NULL, 'activo', NULL, '2025-06-30 14:15:36', '2025-06-30 14:15:36'),
(62, 62, 13, 'Tiroides', 'comprimidos', 'oral', '50mg', 2, 'semanas', '2025-06-11 21:19:00', NULL, 'activo', NULL, '2025-06-30 14:16:42', '2025-06-30 14:16:42'),
(63, 63, 14, 'Tos', 'comprimidos', 'oral', '23mg', 9, 'horas', '2025-06-04 21:21:00', NULL, 'activo', NULL, '2025-06-30 14:19:02', '2025-06-30 14:19:02'),
(64, 65, 13, 'Tiroides', 'comprimidos', 'oral', '25mg', 4, 'horas', '2025-06-10 19:23:00', NULL, 'activo', NULL, '2025-06-30 14:22:36', '2025-06-30 14:22:36'),
(65, 66, 13, 'Control azucar', 'comprimidos', 'oral', '50mg', 8, 'horas', '2025-06-04 18:38:00', NULL, 'activo', NULL, '2025-06-30 14:38:27', '2025-06-30 14:38:27'),
(66, 67, 11, 'Tiroides', 'comprimidos', 'oral', '23mg', 10, 'horas', '2025-07-02 18:40:00', NULL, 'activo', NULL, '2025-06-30 14:40:39', '2025-06-30 14:40:39'),
(67, 68, 12, 'Náuseas', 'comprimidos', 'oral', '50mg', 13, 'horas', '2025-07-02 18:46:00', NULL, 'activo', NULL, '2025-06-30 14:46:57', '2025-06-30 14:46:57'),
(68, 69, 14, 'Náuseas', 'comprimidos', 'oral', '50mg', 11, 'horas', '2025-07-04 23:53:00', NULL, 'activo', NULL, '2025-06-30 14:48:16', '2025-06-30 14:48:16');

-- --------------------------------------------------------

--
-- Estructura de tabla para la tabla `usuario`
--

DROP TABLE IF EXISTS `usuario`;
CREATE TABLE IF NOT EXISTS `usuario` (
  `id_usuario` int(10) UNSIGNED NOT NULL AUTO_INCREMENT,
  `nombre` varchar(60) NOT NULL,
  `email` varchar(120) NOT NULL,
  `contrasena` varchar(255) NOT NULL,
  `rol_global` enum('estandar','premium') DEFAULT NULL,
  `remember_token` varchar(100) DEFAULT NULL,
  `created_at` timestamp NULL DEFAULT current_timestamp(),
  `updated_at` timestamp NULL DEFAULT current_timestamp() ON UPDATE current_timestamp(),
  PRIMARY KEY (`id_usuario`),
  UNIQUE KEY `email` (`email`)
) ENGINE=InnoDB AUTO_INCREMENT=47 DEFAULT CHARSET=utf8mb4 COLLATE=utf8mb4_unicode_ci;

--
-- Volcado de datos para la tabla `usuario`
--

INSERT INTO `usuario` (`id_usuario`, `nombre`, `email`, `contrasena`, `rol_global`, `remember_token`, `created_at`, `updated_at`) VALUES
(44, 'proba', 'proba@proba.com', '$2y$12$RR3O6YFCP8jEfgqjMXpnCOHczd49SvPfYa2wa0yfrQBzewHMnm40y', 'estandar', NULL, '2025-06-20 09:40:54', '2025-06-20 09:40:57'),
(45, 'proba2', 'proba2@proba.com', '$2y$12$O4mVNZG6Gj5wHXA4YXL3M.W9oABw6gqD.ufhqiZA5aOQtRgnWgDSi', 'premium', NULL, '2025-06-20 09:42:01', '2025-06-20 09:44:48'),
(46, 'elena2', 'proba33@proba.com', '$2y$12$299xroOxSZrvGTFhN8meUuGTcyyvkwtUVnPT2kWF2cNKmAJweyHae', 'estandar', NULL, '2025-06-30 14:18:37', '2025-06-30 14:18:39');

-- --------------------------------------------------------

--
-- Estructura de tabla para la tabla `usuario_perfil`
--

DROP TABLE IF EXISTS `usuario_perfil`;
CREATE TABLE IF NOT EXISTS `usuario_perfil` (
  `id_usuario` int(10) UNSIGNED NOT NULL,
  `id_perfil` int(10) UNSIGNED NOT NULL,
  `rol_en_perfil` enum('creador','invitado') NOT NULL,
  `fecha_inv` datetime DEFAULT NULL,
  `estado` enum('pendiente','aceptada','cancelada') DEFAULT 'aceptada',
  PRIMARY KEY (`id_usuario`,`id_perfil`),
  KEY `fk_up_perfil` (`id_perfil`)
) ENGINE=InnoDB DEFAULT CHARSET=utf8mb4 COLLATE=utf8mb4_unicode_ci;

--
-- Volcado de datos para la tabla `usuario_perfil`
--

INSERT INTO `usuario_perfil` (`id_usuario`, `id_perfil`, `rol_en_perfil`, `fecha_inv`, `estado`) VALUES
(44, 40, 'creador', NULL, 'aceptada'),
(44, 45, 'creador', NULL, 'aceptada'),
(45, 41, 'creador', NULL, 'aceptada'),
(46, 42, 'creador', NULL, 'aceptada'),
(46, 43, 'creador', NULL, 'aceptada'),
(46, 44, 'creador', NULL, 'aceptada');

--
-- Restricciones para tablas volcadas
--

--
-- Filtros para la tabla `cita`
--
ALTER TABLE `cita`
  ADD CONSTRAINT `fk_cita_perfil` FOREIGN KEY (`id_perfil`) REFERENCES `perfil` (`id_perfil`) ON DELETE CASCADE,
  ADD CONSTRAINT `fk_cita_usuario` FOREIGN KEY (`id_usuario_crea`) REFERENCES `usuario` (`id_usuario`) ON DELETE CASCADE;

--
-- Filtros para la tabla `informe`
--
ALTER TABLE `informe`
  ADD CONSTRAINT `fk_inf_perfil` FOREIGN KEY (`id_perfil`) REFERENCES `perfil` (`id_perfil`) ON DELETE CASCADE,
  ADD CONSTRAINT `fk_inf_usuario` FOREIGN KEY (`id_usuario`) REFERENCES `usuario` (`id_usuario`) ON DELETE CASCADE;

--
-- Filtros para la tabla `notificacion`
--
ALTER TABLE `notificacion`
  ADD CONSTRAINT `fk_notif_perfil` FOREIGN KEY (`id_perfil`) REFERENCES `perfil` (`id_perfil`) ON DELETE SET NULL,
  ADD CONSTRAINT `fk_notif_usuario` FOREIGN KEY (`id_usuario_dest`) REFERENCES `usuario` (`id_usuario`) ON DELETE CASCADE;

--
-- Filtros para la tabla `recordatorio`
--
ALTER TABLE `recordatorio`
  ADD CONSTRAINT `recordatorio_ibfk_1` FOREIGN KEY (`id_trat_med`) REFERENCES `tratamiento_medicamento` (`id_trat_med`) ON DELETE CASCADE;

--
-- Filtros para la tabla `tratamiento`
--
ALTER TABLE `tratamiento`
  ADD CONSTRAINT `fk_trat_perfil` FOREIGN KEY (`id_perfil`) REFERENCES `perfil` (`id_perfil`) ON DELETE CASCADE,
  ADD CONSTRAINT `fk_trat_usuario` FOREIGN KEY (`id_usuario_creador`) REFERENCES `usuario` (`id_usuario`);

--
-- Filtros para la tabla `tratamiento_medicamento`
--
ALTER TABLE `tratamiento_medicamento`
  ADD CONSTRAINT `fk_tm_medic` FOREIGN KEY (`id_medicamento`) REFERENCES `medicamento` (`id_medicamento`),
  ADD CONSTRAINT `fk_tm_subs` FOREIGN KEY (`sustituido_por`) REFERENCES `tratamiento_medicamento` (`id_trat_med`) ON DELETE SET NULL,
  ADD CONSTRAINT `fk_tm_trat` FOREIGN KEY (`id_tratamiento`) REFERENCES `tratamiento` (`id_tratamiento`) ON DELETE CASCADE;

--
-- Filtros para la tabla `usuario_perfil`
--
ALTER TABLE `usuario_perfil`
  ADD CONSTRAINT `fk_up_perfil` FOREIGN KEY (`id_perfil`) REFERENCES `perfil` (`id_perfil`) ON DELETE CASCADE,
  ADD CONSTRAINT `fk_up_usuario` FOREIGN KEY (`id_usuario`) REFERENCES `usuario` (`id_usuario`) ON DELETE CASCADE;
COMMIT;

/*!40101 SET CHARACTER_SET_CLIENT=@OLD_CHARACTER_SET_CLIENT */;
/*!40101 SET CHARACTER_SET_RESULTS=@OLD_CHARACTER_SET_RESULTS */;
/*!40101 SET COLLATION_CONNECTION=@OLD_COLLATION_CONNECTION */;
